{"blog-sidebar":{"leverage-widget-4":{"widget":"author"},"categories-2":{"title":"Categories","count":0,"hierarchical":0,"dropdown":0},"tag_cloud-2":{"title":"Popular Tags","count":0,"taxonomy":"post_tag"},"leverage-widget-5":{"widget":"social_networks"},"media_gallery-2":{"title":"Image Gallery","ids":[52,53,54,55,56,51],"columns":2,"size":"thumbnail","link_type":"post","orderby_random":false}},"page-sidebar":{"leverage-widget-2":{"widget":"services"},"leverage-widget-3":{"widget":"carousel"}}}